"","...1","speciesGr","mod","Model","Parameter","Estimate","StdErr","ProbT"
"1",1,"BOG","M3","BOG_M3","b0",-0.1566542083629,NA,0.3456776135402
"2",2,"BOG","M3","BOG_M3","b1",0.82054724070868,NA,3.4083986614e-42
"3",NA,"BOG",NA,NA,"b1_u",0,NA,NA
"4",3,"BOG","M3","BOG_M3","b2",-0.0674774688708,NA,4.9466424409e-29
"5",4,"BOG","M3","BOG_M3","b2_2",0.0013635821829,NA,4.2925841493e-13
"6",5,"BOG","M3","BOG_M3","b3",-0.0364936493779,NA,1.24013992248e-08
"7",NA,"BOG",NA,NA,"b3_2",0,NA,NA
"8",NA,"BOG",NA,NA,"b4",0,NA,NA
"9",NA,"BOG",NA,NA,"b4_2",0,NA,NA
"10",NA,"BOG",NA,NA,"b4_3",0,NA,NA
"11",NA,"BOG",NA,NA,"b5",0,NA,NA
"12",NA,"BOG",NA,NA,"b6",0,NA,NA
"13",NA,"BOG",NA,NA,"c1",0,NA,NA
"14",NA,"BOG",NA,NA,"c1_2",0,NA,NA
"15",7,"BOG","M3","BOG_M3","c2",0.03086280673815,NA,0.00635086099269
"16",NA,"BOG",NA,NA,"c2_2",0,NA,NA
"17",NA,"BOG",NA,NA,"c4",0,NA,NA
"18",NA,"BOG",NA,NA,"c4_2",0,NA,NA
"19",NA,"BOG",NA,NA,"d1",0,NA,NA
"20",NA,"BOG",NA,NA,"d3",0,NA,NA
"21",6,"BOG","M3","BOG_M3","d4",-0.2940257055051,NA,2.121297133e-05
"22",NA,"BOG",NA,NA,"f1",0,NA,NA
"23",8,"BOG","M3","BOG_M3","s2",0.12016956580831,NA,3.4769812737e-17
"24",9,"BOG","M3","BOG_M3","s2u_t",0.05653590043287,NA,4.830122357e-05
"25",10,"BOJ","M3","BOJ_M3","b0",0.24446526935496,NA,0.00018026145425
"26",NA,"BOJ",NA,NA,"b1",0,NA,NA
"27",11,"BOJ","M3","BOJ_M3","b1_u",0.06950978034939,NA,0
"28",12,"BOJ","M3","BOJ_M3","b2",-0.0151830547724,NA,5.227748743e-227
"29",NA,"BOJ",NA,NA,"b2_2",0,NA,NA
"30",13,"BOJ","M3","BOJ_M3","b3",-0.0198525208672,NA,6.7080437592e-62
"31",14,"BOJ","M3","BOJ_M3","b3_2",0.31675095636149,NA,3.8875769359e-27
"32",15,"BOJ","M3","BOJ_M3","b4",-0.0134749510636,NA,1.5341852278e-72
"33",NA,"BOJ",NA,NA,"b4_2",0,NA,NA
"34",NA,"BOJ",NA,NA,"b4_3",0,NA,NA
"35",NA,"BOJ",NA,NA,"b5",0,NA,NA
"36",NA,"BOJ",NA,NA,"b6",0,NA,NA
"37",NA,"BOJ",NA,NA,"c1",0,NA,NA
"38",NA,"BOJ",NA,NA,"c1_2",0,NA,NA
"39",19,"BOJ","M3","BOJ_M3","c2",0.02098725663808,NA,5.8501376357e-19
"40",NA,"BOJ",NA,NA,"c2_2",0,NA,NA
"41",NA,"BOJ",NA,NA,"c4",0,NA,NA
"42",NA,"BOJ",NA,NA,"c4_2",0,NA,NA
"43",16,"BOJ","M3","BOJ_M3","d1",-0.2117134858382,NA,3.316852253e-05
"44",17,"BOJ","M3","BOJ_M3","d3",-0.0501477119525,NA,0.00029848456279
"45",18,"BOJ","M3","BOJ_M3","d4",-0.2781176507472,NA,1.734887201e-35
"46",NA,"BOJ",NA,NA,"f1",0,NA,NA
"47",20,"BOJ","M3","BOJ_M3","s2",0.09268122317528,NA,0
"48",21,"BOJ","M3","BOJ_M3","s2u_t",0.16086339522826,NA,0
"49",22,"BOP","M3","BOP_M3","b0",0.15690659772631,NA,0.00944705124918
"50",23,"BOP","M3","BOP_M3","b1",0.44192733538662,NA,0
"51",NA,"BOP",NA,NA,"b1_u",0,NA,NA
"52",24,"BOP","M3","BOP_M3","b2",-0.0197999927412,NA,0
"53",NA,"BOP",NA,NA,"b2_2",0,NA,NA
"54",25,"BOP","M3","BOP_M3","b3",-0.0089035829016,NA,5.20165989472e-09
"55",26,"BOP","M3","BOP_M3","b3_2",-0.222356379311,NA,7.6428644414e-14
"56",27,"BOP","M3","BOP_M3","b4",-0.0067658530117,NA,2.8018153715e-47
"57",NA,"BOP",NA,NA,"b4_2",0,NA,NA
"58",NA,"BOP",NA,NA,"b4_3",0,NA,NA
"59",NA,"BOP",NA,NA,"b5",0,NA,NA
"60",NA,"BOP",NA,NA,"b6",0,NA,NA
"61",31,"BOP","M3","BOP_M3","c1",-0.051427885908,NA,9.1444029104e-69
"62",NA,"BOP",NA,NA,"c1_2",0,NA,NA
"63",NA,"BOP",NA,NA,"c2",0,NA,NA
"64",NA,"BOP",NA,NA,"c2_2",0,NA,NA
"65",32,"BOP","M3","BOP_M3","c4",0.69899142513494,NA,0
"66",NA,"BOP",NA,NA,"c4_2",0,NA,NA
"67",28,"BOP","M3","BOP_M3","d1",-0.1950136381532,NA,4.8270472825e-13
"68",29,"BOP","M3","BOP_M3","d3",-0.0608177280313,NA,4.2312327589e-13
"69",30,"BOP","M3","BOP_M3","d4",-0.2153187248645,NA,3.6152839597e-54
"70",NA,"BOP",NA,NA,"f1",0,NA,NA
"71",33,"BOP","M3","BOP_M3","s2",0.09777163072737,NA,0
"72",34,"BOP","M3","BOP_M3","s2u_t",0.1470112543285,NA,0
"73",35,"CET","M3","CET_M3","b0",1.78545137755309,NA,3.9604343118e-14
"74",36,"CET","M3","CET_M3","b1",0.70886260237825,NA,2.6885894142e-40
"75",NA,"CET",NA,NA,"b1_u",0,NA,NA
"76",37,"CET","M3","CET_M3","b2",-0.0500242207536,NA,7.0427609517e-14
"77",38,"CET","M3","CET_M3","b2_2",0.0008511240109,NA,0.0001425269254
"78",39,"CET","M3","CET_M3","b3",-0.0230098527543,NA,3.2360774407e-15
"79",NA,"CET",NA,NA,"b3_2",0,NA,NA
"80",NA,"CET",NA,NA,"b4",0,NA,NA
"81",NA,"CET",NA,NA,"b4_2",0,NA,NA
"82",NA,"CET",NA,NA,"b4_3",0,NA,NA
"83",NA,"CET",NA,NA,"b5",0,NA,NA
"84",NA,"CET",NA,NA,"b6",0,NA,NA
"85",NA,"CET",NA,NA,"c1",0,NA,NA
"86",NA,"CET",NA,NA,"c1_2",0,NA,NA
"87",NA,"CET",NA,NA,"c2",0,NA,NA
"88",NA,"CET",NA,NA,"c2_2",0,NA,NA
"89",40,"CET","M3","CET_M3","c4",-0.7586751894298,NA,1.42937168401e-09
"90",NA,"CET",NA,NA,"c4_2",0,NA,NA
"91",NA,"CET",NA,NA,"d1",0,NA,NA
"92",NA,"CET",NA,NA,"d3",0,NA,NA
"93",NA,"CET",NA,NA,"d4",0,NA,NA
"94",NA,"CET",NA,NA,"f1",0,NA,NA
"95",41,"CET","M3","CET_M3","s2",0.11296372062931,NA,6.5235005019e-32
"96",42,"CET","M3","CET_M3","s2u_t",0.11576440497933,NA,2.2113114564e-15
"97",43,"CHR","M3","CHR_M3","b0",-0.0752208646067,NA,0.34921818307594
"98",NA,"CHR",NA,NA,"b1",0,NA,NA
"99",44,"CHR","M3","CHR_M3","b1_u",0.08334575581644,NA,0
"100",45,"CHR","M3","CHR_M3","b2",-0.0400146800238,NA,7.8814129984e-40
"101",46,"CHR","M3","CHR_M3","b2_2",0.00036245523516,NA,6.03130099754e-07
"102",NA,"CHR",NA,NA,"b3",0,NA,NA
"103",NA,"CHR",NA,NA,"b3_2",0,NA,NA
"104",47,"CHR","M3","CHR_M3","b4",-0.0120466095915,NA,2.3664070527e-24
"105",NA,"CHR",NA,NA,"b4_2",0,NA,NA
"106",NA,"CHR",NA,NA,"b4_3",0,NA,NA
"107",48,"CHR","M3","CHR_M3","b5",0.00062329574608,NA,9.9757181006e-16
"108",NA,"CHR",NA,NA,"b6",0,NA,NA
"109",NA,"CHR",NA,NA,"c1",0,NA,NA
"110",NA,"CHR",NA,NA,"c1_2",0,NA,NA
"111",50,"CHR","M3","CHR_M3","c2",0.03265923891696,NA,1.09767894538e-08
"112",NA,"CHR",NA,NA,"c2_2",0,NA,NA
"113",51,"CHR","M3","CHR_M3","c4",0.51574448242387,NA,5.1135452787e-27
"114",NA,"CHR",NA,NA,"c4_2",0,NA,NA
"115",49,"CHR","M3","CHR_M3","d1",-0.1529965290131,NA,1.77740908454e-09
"116",NA,"CHR",NA,NA,"d3",0,NA,NA
"117",NA,"CHR",NA,NA,"d4",0,NA,NA
"118",NA,"CHR",NA,NA,"f1",0,NA,NA
"119",52,"CHR","M3","CHR_M3","s2",0.0367867673736,NA,5.939210774e-180
"120",53,"CHR","M3","CHR_M3","s2u_t",0.10780656444281,NA,2.140385027e-117
"121",54,"EPB","M3","EPB_M3","b0",-1.302489396297,NA,2.4611508991e-49
"122",55,"EPB","M3","EPB_M3","b1",0.71695718394802,NA,0
"123",NA,"EPB",NA,NA,"b1_u",0,NA,NA
"124",56,"EPB","M3","EPB_M3","b2",-0.0566842633371,NA,4.975777077e-298
"125",57,"EPB","M3","EPB_M3","b2_2",0.00025236991207,NA,1.782379662e-20
"126",58,"EPB","M3","EPB_M3","b3",-0.017878172766,NA,1.832492761e-131
"127",NA,"EPB",NA,NA,"b3_2",0,NA,NA
"128",59,"EPB","M3","EPB_M3","b4",-0.0262289490507,NA,3.787543111e-135
"129",60,"EPB","M3","EPB_M3","b4_2",0.00040261493083,NA,3.2169627102e-43
"130",NA,"EPB",NA,NA,"b4_3",0,NA,NA
"131",61,"EPB","M3","EPB_M3","b5",0.00138329436347,NA,1.591813117e-156
"132",NA,"EPB",NA,NA,"b6",0,NA,NA
"133",NA,"EPB",NA,NA,"c1",0,NA,NA
"134",NA,"EPB",NA,NA,"c1_2",0,NA,NA
"135",65,"EPB","M3","EPB_M3","c2",0.01497104722612,NA,3.19993941612e-09
"136",NA,"EPB",NA,NA,"c2_2",0,NA,NA
"137",66,"EPB","M3","EPB_M3","c4",2.57441967491369,NA,5.218190303e-103
"138",67,"EPB","M3","EPB_M3","c4_2",-0.9099455709841,NA,6.808603987e-102
"139",62,"EPB","M3","EPB_M3","d1",-0.1621783678309,NA,0.00073456293958
"140",NA,"EPB",NA,NA,"d3",0,NA,NA
"141",63,"EPB","M3","EPB_M3","d4",-0.070219745517,NA,0.00069584361809
"142",64,"EPB","M3","EPB_M3","f1",-0.0556243425358,NA,0
"143",68,"EPB","M3","EPB_M3","s2",0.07389598542631,NA,0
"144",69,"EPB","M3","EPB_M3","s2u_t",0.15058181938447,NA,0
"145",70,"EPN","M3","EPN_M3","b0",-1.5024517135014,NA,0
"146",71,"EPN","M3","EPN_M3","b1",0.62560405090032,NA,0
"147",NA,"EPN",NA,NA,"b1_u",0,NA,NA
"148",72,"EPN","M3","EPN_M3","b2",0.02982522970211,NA,0
"149",73,"EPN","M3","EPN_M3","b2_2",-0.0004745645725,NA,0
"150",NA,"EPN",NA,NA,"b3",0,NA,NA
"151",NA,"EPN",NA,NA,"b3_2",0,NA,NA
"152",NA,"EPN",NA,NA,"b4",0,NA,NA
"153",NA,"EPN",NA,NA,"b4_2",0,NA,NA
"154",NA,"EPN",NA,NA,"b4_3",0,NA,NA
"155",74,"EPN","M3","EPN_M3","b5",-0.0018583755573,NA,0
"156",NA,"EPN",NA,NA,"b6",0,NA,NA
"157",NA,"EPN",NA,NA,"c1",0,NA,NA
"158",NA,"EPN",NA,NA,"c1_2",0,NA,NA
"159",78,"EPN","M3","EPN_M3","c2",0.02854629137127,NA,1.6082109e-160
"160",NA,"EPN",NA,NA,"c2_2",0,NA,NA
"161",79,"EPN","M3","EPN_M3","c4",0.64823759834373,NA,0
"162",NA,"EPN",NA,NA,"c4_2",0,NA,NA
"163",NA,"EPN",NA,NA,"d1",0,NA,NA
"164",75,"EPN","M3","EPN_M3","d3",-0.0883863598819,NA,2.340543049e-155
"165",76,"EPN","M3","EPN_M3","d4",-0.2684479143844,NA,0
"166",77,"EPN","M3","EPN_M3","f1",-0.0159449451012,NA,9.472537302e-212
"167",80,"EPN","M3","EPN_M3","s2",0.0462310210827,NA,0
"168",81,"EPN","M3","EPN_M3","s2u_t",0.14030375452531,NA,0
"169",82,"EPR","M3","EPR_M3","b0",-2.0308107452458,NA,5.5103498795e-13
"170",83,"EPR","M3","EPR_M3","b1",0.70919010311796,NA,0
"171",NA,"EPR",NA,NA,"b1_u",0,NA,NA
"172",84,"EPR","M3","EPR_M3","b2",-0.0440815382944,NA,4.719455422e-137
"173",NA,"EPR",NA,NA,"b2_2",0,NA,NA
"174",NA,"EPR",NA,NA,"b3",0,NA,NA
"175",85,"EPR","M3","EPR_M3","b3_2",-0.2774399067206,NA,1.8428485957e-13
"176",86,"EPR","M3","EPR_M3","b4",-0.0073193128541,NA,6.3739821108e-11
"177",NA,"EPR",NA,NA,"b4_2",0,NA,NA
"178",NA,"EPR",NA,NA,"b4_3",0,NA,NA
"179",87,"EPR","M3","EPR_M3","b5",0.00120591575626,NA,8.9872844042e-33
"180",NA,"EPR",NA,NA,"b6",0,NA,NA
"181",NA,"EPR",NA,NA,"c1",0,NA,NA
"182",NA,"EPR",NA,NA,"c1_2",0,NA,NA
"183",NA,"EPR",NA,NA,"c2",0,NA,NA
"184",NA,"EPR",NA,NA,"c2_2",0,NA,NA
"185",90,"EPR","M3","EPR_M3","c4",3.47880401269895,NA,1.3629014365e-26
"186",91,"EPR","M3","EPR_M3","c4_2",-1.0923566743063,NA,1.1836962523e-27
"187",NA,"EPR",NA,NA,"d1",0,NA,NA
"188",NA,"EPR",NA,NA,"d3",0,NA,NA
"189",88,"EPR","M3","EPR_M3","d4",-0.1246154264452,NA,1.70973862614e-08
"190",89,"EPR","M3","EPR_M3","f1",-0.0219073975567,NA,5.5565698196e-15
"191",92,"EPR","M3","EPR_M3","s2",0.06642666046804,NA,1.274901242e-289
"192",93,"EPR","M3","EPR_M3","s2u_t",0.11884529546472,NA,6.142336581e-163
"193",94,"ERA","M3","ERA_M3","b0",2.60417349998153,NA,0.00027010805109
"194",95,"ERA","M3","ERA_M3","b1",0.62336846561889,NA,1.357009869e-15
"195",NA,"ERA",NA,NA,"b1_u",0,NA,NA
"196",96,"ERA","M3","ERA_M3","b2",-0.0524038497652,NA,2.2066114193e-18
"197",NA,"ERA",NA,NA,"b2_2",0,NA,NA
"198",97,"ERA","M3","ERA_M3","b3",-0.0158996924659,NA,6.32555668411e-06
"199",NA,"ERA",NA,NA,"b3_2",0,NA,NA
"200",NA,"ERA",NA,NA,"b4",0,NA,NA
"201",NA,"ERA",NA,NA,"b4_2",0,NA,NA
"202",NA,"ERA",NA,NA,"b4_3",0,NA,NA
"203",98,"ERA","M3","ERA_M3","b5",0.00118254156311,NA,7.92858349392e-07
"204",NA,"ERA",NA,NA,"b6",0,NA,NA
"205",100,"ERA","M3","ERA_M3","c1",-0.2444696598265,NA,0.00099434998971
"206",NA,"ERA",NA,NA,"c1_2",0,NA,NA
"207",NA,"ERA",NA,NA,"c2",0,NA,NA
"208",NA,"ERA",NA,NA,"c2_2",0,NA,NA
"209",NA,"ERA",NA,NA,"c4",0,NA,NA
"210",NA,"ERA",NA,NA,"c4_2",0,NA,NA
"211",NA,"ERA",NA,NA,"d1",0,NA,NA
"212",99,"ERA","M3","ERA_M3","d3",0.27058315282214,NA,1.14320621e-05
"213",NA,"ERA",NA,NA,"d4",0,NA,NA
"214",NA,"ERA",NA,NA,"f1",0,NA,NA
"215",101,"ERA","M3","ERA_M3","s2",0.18716176640393,NA,7.9152605274e-18
"216",102,"ERA","M3","ERA_M3","s2u_t",0.09978402043931,NA,7.584717118e-05
"217",103,"ERR","M3","ERR_M3","b0",-0.1657093308073,NA,2.393636916e-10
"218",104,"ERR","M3","ERR_M3","b1",0.57079762426775,NA,0
"219",NA,"ERR",NA,NA,"b1_u",0,NA,NA
"220",105,"ERR","M3","ERR_M3","b2",-0.0147724358001,NA,2.3499785457e-54
"221",106,"ERR","M3","ERR_M3","b2_2",6.763924646e-05,NA,0.0068653509594
"222",NA,"ERR",NA,NA,"b3",0,NA,NA
"223",NA,"ERR",NA,NA,"b3_2",0,NA,NA
"224",107,"ERR","M3","ERR_M3","b4",-0.0167802170839,NA,1.4339956493e-62
"225",108,"ERR","M3","ERR_M3","b4_2",0.00026285935246,NA,2.485042451e-10
"226",NA,"ERR",NA,NA,"b4_3",0,NA,NA
"227",NA,"ERR",NA,NA,"b5",0,NA,NA
"228",NA,"ERR",NA,NA,"b6",0,NA,NA
"229",NA,"ERR",NA,NA,"c1",0,NA,NA
"230",NA,"ERR",NA,NA,"c1_2",0,NA,NA
"231",111,"ERR","M3","ERR_M3","c2",0.02584832139931,NA,3.2008854786e-55
"232",NA,"ERR",NA,NA,"c2_2",0,NA,NA
"233",112,"ERR","M3","ERR_M3","c4",0.11000694804049,NA,1.2358298935e-18
"234",NA,"ERR",NA,NA,"c4_2",0,NA,NA
"235",109,"ERR","M3","ERR_M3","d1",-0.246003937291,NA,7.6442930036e-15
"236",110,"ERR","M3","ERR_M3","d3",0.03056113209272,NA,0.00104537993943
"237",NA,"ERR",NA,NA,"d4",0,NA,NA
"238",NA,"ERR",NA,NA,"f1",0,NA,NA
"239",113,"ERR","M3","ERR_M3","s2",0.11027976624778,NA,0
"240",114,"ERR","M3","ERR_M3","s2u_t",0.14209301270576,NA,0
"241",115,"ERS","M3","ERS_M3","b0",0.97302320421051,NA,1.337165129e-210
"242",116,"ERS","M3","ERS_M3","b1",0.58092078117342,NA,0
"243",NA,"ERS",NA,NA,"b1_u",0,NA,NA
"244",117,"ERS","M3","ERS_M3","b2",-0.0590752841056,NA,0
"245",118,"ERS","M3","ERS_M3","b2_2",0.0005572495179,NA,2.3526740924e-89
"246",119,"ERS","M3","ERS_M3","b3",-0.0117765640521,NA,1.3810780438e-92
"247",NA,"ERS",NA,NA,"b3_2",0,NA,NA
"248",120,"ERS","M3","ERS_M3","b4",-0.0232158417889,NA,1.1772754423e-65
"249",121,"ERS","M3","ERS_M3","b4_2",0.00028742071777,NA,1.22096995099e-08
"250",NA,"ERS",NA,NA,"b4_3",0,NA,NA
"251",122,"ERS","M3","ERS_M3","b5",0.00098897386541,NA,5.910475295e-181
"252",NA,"ERS",NA,NA,"b6",0,NA,NA
"253",NA,"ERS",NA,NA,"c1",0,NA,NA
"254",NA,"ERS",NA,NA,"c1_2",0,NA,NA
"255",124,"ERS","M3","ERS_M3","c2",0.04403768797282,NA,5.5937723402e-51
"256",125,"ERS","M3","ERS_M3","c2_2",-0.0087872497316,NA,2.0268912277e-36
"257",126,"ERS","M3","ERS_M3","c4",-0.2833521138572,NA,1.1114508499e-77
"258",NA,"ERS",NA,NA,"c4_2",0,NA,NA
"259",NA,"ERS",NA,NA,"d1",0,NA,NA
"260",NA,"ERS",NA,NA,"d3",0,NA,NA
"261",123,"ERS","M3","ERS_M3","d4",-0.1990269928543,NA,0.00870576518522
"262",NA,"ERS",NA,NA,"f1",0,NA,NA
"263",127,"ERS","M3","ERS_M3","s2",0.1173711879619,NA,0
"264",128,"ERS","M3","ERS_M3","s2u_t",0.13291828897555,NA,0
"265",129,"FRA","M3","FRA_M3","b0",0.43287174010516,NA,9.20816896367e-07
"266",130,"FRA","M3","FRA_M3","b1",0.61267550309467,NA,3.6924521305e-57
"267",NA,"FRA",NA,NA,"b1_u",0,NA,NA
"268",131,"FRA","M3","FRA_M3","b2",-0.0199227718922,NA,9.0677399325e-28
"269",NA,"FRA",NA,NA,"b2_2",0,NA,NA
"270",132,"FRA","M3","FRA_M3","b3",-0.0142864047992,NA,1.12200917e-15
"271",NA,"FRA",NA,NA,"b3_2",0,NA,NA
"272",NA,"FRA",NA,NA,"b4",0,NA,NA
"273",NA,"FRA",NA,NA,"b4_2",0,NA,NA
"274",NA,"FRA",NA,NA,"b4_3",0,NA,NA
"275",NA,"FRA",NA,NA,"b5",0,NA,NA
"276",NA,"FRA",NA,NA,"b6",0,NA,NA
"277",NA,"FRA",NA,NA,"c1",0,NA,NA
"278",NA,"FRA",NA,NA,"c1_2",0,NA,NA
"279",134,"FRA","M3","FRA_M3","c2",0.06130501805496,NA,2.4870332371e-12
"280",NA,"FRA",NA,NA,"c2_2",0,NA,NA
"281",NA,"FRA",NA,NA,"c4",0,NA,NA
"282",NA,"FRA",NA,NA,"c4_2",0,NA,NA
"283",NA,"FRA",NA,NA,"d1",0,NA,NA
"284",NA,"FRA",NA,NA,"d3",0,NA,NA
"285",133,"FRA","M3","FRA_M3","d4",-0.3111423982984,NA,1.107358722e-05
"286",NA,"FRA",NA,NA,"f1",0,NA,NA
"287",135,"FRA","M3","FRA_M3","s2",0.0785131109038,NA,2.3332735282e-58
"288",136,"FRA","M3","FRA_M3","s2u_t",0.15109599701369,NA,5.9716110715e-35
"289",137,"FRN","M3","FRN_M3","b0",-0.5995645203129,NA,1.5883893449e-13
"290",138,"FRN","M3","FRN_M3","b1",0.62023733189725,NA,3.864407182e-160
"291",NA,"FRN",NA,NA,"b1_u",0,NA,NA
"292",139,"FRN","M3","FRN_M3","b2",-0.0041065297277,NA,2.17128457661e-06
"293",NA,"FRN",NA,NA,"b2_2",0,NA,NA
"294",NA,"FRN",NA,NA,"b3",0,NA,NA
"295",NA,"FRN",NA,NA,"b3_2",0,NA,NA
"296",140,"FRN","M3","FRN_M3","b4",-0.0084440765951,NA,6.14876885134e-07
"297",NA,"FRN",NA,NA,"b4_2",0,NA,NA
"298",NA,"FRN",NA,NA,"b4_3",0,NA,NA
"299",NA,"FRN",NA,NA,"b5",0,NA,NA
"300",NA,"FRN",NA,NA,"b6",0,NA,NA
"301",NA,"FRN",NA,NA,"c1",0,NA,NA
"302",NA,"FRN",NA,NA,"c1_2",0,NA,NA
"303",NA,"FRN",NA,NA,"c2",0,NA,NA
"304",NA,"FRN",NA,NA,"c2_2",0,NA,NA
"305",142,"FRN","M3","FRN_M3","c4",0.14711818901331,NA,0.000979616881
"306",NA,"FRN",NA,NA,"c4_2",0,NA,NA
"307",NA,"FRN",NA,NA,"d1",0,NA,NA
"308",NA,"FRN",NA,NA,"d3",0,NA,NA
"309",141,"FRN","M3","FRN_M3","d4",-0.1457591474736,NA,6.3916715825e-14
"310",NA,"FRN",NA,NA,"f1",0,NA,NA
"311",143,"FRN","M3","FRN_M3","s2",0.07734870185022,NA,9.353314932e-144
"312",144,"FRN","M3","FRN_M3","s2u_t",0.11724877106167,NA,3.5178527688e-79
"313",145,"FRP","M2","FRP_M2","b0",0.81104867267681,NA,7.757104468e-05
"314",146,"FRP","M2","FRP_M2","b1",0.35571580069286,NA,6.015086221e-05
"315",NA,"FRP",NA,NA,"b1_u",0,NA,NA
"316",147,"FRP","M2","FRP_M2","b2",-0.0240256412163,NA,5.77537039455e-09
"317",NA,"FRP",NA,NA,"b2_2",0,NA,NA
"318",NA,"FRP",NA,NA,"b3",0,NA,NA
"319",NA,"FRP",NA,NA,"b3_2",0,NA,NA
"320",NA,"FRP",NA,NA,"b4",0,NA,NA
"321",NA,"FRP",NA,NA,"b4_2",0,NA,NA
"322",NA,"FRP",NA,NA,"b4_3",0,NA,NA
"323",NA,"FRP",NA,NA,"b5",0,NA,NA
"324",NA,"FRP",NA,NA,"b6",0,NA,NA
"325",NA,"FRP",NA,NA,"c1",0,NA,NA
"326",NA,"FRP",NA,NA,"c1_2",0,NA,NA
"327",NA,"FRP",NA,NA,"c2",0,NA,NA
"328",NA,"FRP",NA,NA,"c2_2",0,NA,NA
"329",NA,"FRP",NA,NA,"c4",0,NA,NA
"330",NA,"FRP",NA,NA,"c4_2",0,NA,NA
"331",NA,"FRP",NA,NA,"d1",0,NA,NA
"332",NA,"FRP",NA,NA,"d3",0,NA,NA
"333",NA,"FRP",NA,NA,"d4",0,NA,NA
"334",NA,"FRP",NA,NA,"f1",0,NA,NA
"335",148,"FRP","M2","FRP_M2","s2",0.07649629576646,NA,7.73450063822e-07
"336",149,"FRP","M2","FRP_M2","s2u_t",0.07723628691037,NA,0.00197817005887
"337",150,"HEG","M3","HEG_M3","b0",-1.6699288669493,NA,2.30101248008e-09
"338",NA,"HEG",NA,NA,"b1",0,NA,NA
"339",151,"HEG","M3","HEG_M3","b1_u",0.0789254810056,NA,0
"340",152,"HEG","M3","HEG_M3","b2",-0.0379939331228,NA,8.5663224116e-32
"341",153,"HEG","M3","HEG_M3","b2_2",0.00025448155255,NA,2.90940830898e-06
"342",154,"HEG","M3","HEG_M3","b3",-0.0311313514118,NA,8.4220042255e-27
"343",155,"HEG","M3","HEG_M3","b3_2",0.67673105604757,NA,7.9523586014e-20
"344",156,"HEG","M3","HEG_M3","b4",-0.0412451983799,NA,3.7722622776e-33
"345",157,"HEG","M3","HEG_M3","b4_2",0.00092232068872,NA,1.1793820319e-13
"346",NA,"HEG",NA,NA,"b4_3",0,NA,NA
"347",158,"HEG","M3","HEG_M3","b5",0.00076179560588,NA,8.495062275e-18
"348",NA,"HEG",NA,NA,"b6",0,NA,NA
"349",159,"HEG","M3","HEG_M3","c1",0.39619111579886,NA,2.05510804712e-08
"350",160,"HEG","M3","HEG_M3","c1_2",-0.0317384099861,NA,1.17897771797e-08
"351",161,"HEG","M3","HEG_M3","c2",0.0211612031479,NA,1.94841077618e-08
"352",NA,"HEG",NA,NA,"c2_2",0,NA,NA
"353",NA,"HEG",NA,NA,"c4",0,NA,NA
"354",NA,"HEG",NA,NA,"c4_2",0,NA,NA
"355",NA,"HEG",NA,NA,"d1",0,NA,NA
"356",NA,"HEG",NA,NA,"d3",0,NA,NA
"357",NA,"HEG",NA,NA,"d4",0,NA,NA
"358",NA,"HEG",NA,NA,"f1",0,NA,NA
"359",162,"HEG","M3","HEG_M3","s2",0.09454579294266,NA,0
"360",163,"HEG","M3","HEG_M3","s2u_t",0.10769070881515,NA,3.736292469e-161
"361",164,"MEL","M3","MEL_M3","b0",-2.8285669367255,NA,5.3128606526e-64
"362",165,"MEL","M3","MEL_M3","b1",0.70709964066899,NA,3.759761899e-175
"363",NA,"MEL",NA,NA,"b1_u",0,NA,NA
"364",166,"MEL","M3","MEL_M3","b2",-0.022863736745,NA,4.3770572664e-87
"365",NA,"MEL",NA,NA,"b2_2",0,NA,NA
"366",NA,"MEL",NA,NA,"b3",0,NA,NA
"367",NA,"MEL",NA,NA,"b3_2",0,NA,NA
"368",167,"MEL","M3","MEL_M3","b4",-0.0094278774064,NA,5.1007025099e-17
"369",NA,"MEL",NA,NA,"b4_2",0,NA,NA
"370",NA,"MEL",NA,NA,"b4_3",0,NA,NA
"371",NA,"MEL",NA,NA,"b5",0,NA,NA
"372",NA,"MEL",NA,NA,"b6",0,NA,NA
"373",NA,"MEL",NA,NA,"c1",0,NA,NA
"374",NA,"MEL",NA,NA,"c1_2",0,NA,NA
"375",NA,"MEL",NA,NA,"c2",0,NA,NA
"376",NA,"MEL",NA,NA,"c2_2",0,NA,NA
"377",170,"MEL","M3","MEL_M3","c4",3.50394644444843,NA,1.372345674e-58
"378",171,"MEL","M3","MEL_M3","c4_2",-1.0694503273061,NA,8.2326545458e-48
"379",168,"MEL","M3","MEL_M3","d1",-0.3967354509514,NA,0.01033704162
"380",NA,"MEL",NA,NA,"d3",0,NA,NA
"381",169,"MEL","M3","MEL_M3","d4",-0.3046125955697,NA,1.7751050622e-38
"382",NA,"MEL",NA,NA,"f1",0,NA,NA
"383",172,"MEL","M3","MEL_M3","s2",0.06471064520945,NA,3.19565369e-116
"384",173,"MEL","M3","MEL_M3","s2u_t",0.18374893221857,NA,4.9565669435e-96
"385",174,"ORA","M2","ORA_M2","b0",0.0203174653387,NA,0.90030493960031
"386",175,"ORA","M2","ORA_M2","b1",0.69567515421968,NA,2.3077327617e-20
"387",NA,"ORA",NA,NA,"b1_u",0,NA,NA
"388",176,"ORA","M2","ORA_M2","b2",-0.0159966347046,NA,6.9497032152e-10
"389",NA,"ORA",NA,NA,"b2_2",0,NA,NA
"390",NA,"ORA",NA,NA,"b3",0,NA,NA
"391",NA,"ORA",NA,NA,"b3_2",0,NA,NA
"392",NA,"ORA",NA,NA,"b4",0,NA,NA
"393",NA,"ORA",NA,NA,"b4_2",0,NA,NA
"394",NA,"ORA",NA,NA,"b4_3",0,NA,NA
"395",NA,"ORA",NA,NA,"b5",0,NA,NA
"396",NA,"ORA",NA,NA,"b6",0,NA,NA
"397",NA,"ORA",NA,NA,"c1",0,NA,NA
"398",NA,"ORA",NA,NA,"c1_2",0,NA,NA
"399",NA,"ORA",NA,NA,"c2",0,NA,NA
"400",NA,"ORA",NA,NA,"c2_2",0,NA,NA
"401",NA,"ORA",NA,NA,"c4",0,NA,NA
"402",NA,"ORA",NA,NA,"c4_2",0,NA,NA
"403",NA,"ORA",NA,NA,"d1",0,NA,NA
"404",NA,"ORA",NA,NA,"d3",0,NA,NA
"405",NA,"ORA",NA,NA,"d4",0,NA,NA
"406",NA,"ORA",NA,NA,"f1",0,NA,NA
"407",177,"ORA","M2","ORA_M2","s2",0.08627540527578,NA,1.2024480628e-14
"408",178,"ORA","M2","ORA_M2","s2u_t",0.20987233409825,NA,7.6191308189e-19
"409",179,"OSV","M3","OSV_M3","b0",0.41099971488502,NA,4.5228449466e-13
"410",NA,"OSV",NA,NA,"b1",0,NA,NA
"411",180,"OSV","M3","OSV_M3","b1_u",0.06702934488982,NA,2.8994103074e-86
"412",181,"OSV","M3","OSV_M3","b2",-0.034951077659,NA,1.8704453469e-13
"413",182,"OSV","M3","OSV_M3","b2_2",0.00047245061423,NA,7.121082872e-05
"414",NA,"OSV",NA,NA,"b3",0,NA,NA
"415",NA,"OSV",NA,NA,"b3_2",0,NA,NA
"416",183,"OSV","M3","OSV_M3","b4",-0.0352634022005,NA,5.069945358e-18
"417",NA,"OSV",NA,NA,"b4_2",0,NA,NA
"418",NA,"OSV",NA,NA,"b4_3",0,NA,NA
"419",NA,"OSV",NA,NA,"b5",0,NA,NA
"420",NA,"OSV",NA,NA,"b6",0,NA,NA
"421",NA,"OSV",NA,NA,"c1",0,NA,NA
"422",NA,"OSV",NA,NA,"c1_2",0,NA,NA
"423",184,"OSV","M3","OSV_M3","c2",0.0616080741869,NA,1.446029879e-14
"424",NA,"OSV",NA,NA,"c2_2",0,NA,NA
"425",NA,"OSV",NA,NA,"c4",0,NA,NA
"426",NA,"OSV",NA,NA,"c4_2",0,NA,NA
"427",NA,"OSV",NA,NA,"d1",0,NA,NA
"428",NA,"OSV",NA,NA,"d3",0,NA,NA
"429",NA,"OSV",NA,NA,"d4",0,NA,NA
"430",NA,"OSV",NA,NA,"f1",0,NA,NA
"431",185,"OSV","M3","OSV_M3","s2",0.10285399355685,NA,4.2215893201e-78
"432",186,"OSV","M3","OSV_M3","s2u_t",0.09527822055946,NA,1.191523697e-31
"433",187,"PEB","M2","PEB_M2","b0",1.01989225223288,NA,8.5512402285e-94
"434",NA,"PEB",NA,NA,"b1",0,NA,NA
"435",188,"PEB","M2","PEB_M2","b1_u",0.05943677263096,NA,8.4161830405e-69
"436",189,"PEB","M2","PEB_M2","b2",-0.0312208032059,NA,5.5775051737e-32
"437",NA,"PEB",NA,NA,"b2_2",0,NA,NA
"438",NA,"PEB",NA,NA,"b3",0,NA,NA
"439",NA,"PEB",NA,NA,"b3_2",0,NA,NA
"440",190,"PEB","M2","PEB_M2","b4",-0.0194605792179,NA,3.213669213e-30
"441",NA,"PEB",NA,NA,"b4_2",0,NA,NA
"442",NA,"PEB",NA,NA,"b4_3",0,NA,NA
"443",191,"PEB","M2","PEB_M2","b5",0.00056693685167,NA,1.181511738e-05
"444",NA,"PEB",NA,NA,"b6",0,NA,NA
"445",NA,"PEB",NA,NA,"c1",0,NA,NA
"446",NA,"PEB",NA,NA,"c1_2",0,NA,NA
"447",NA,"PEB",NA,NA,"c2",0,NA,NA
"448",NA,"PEB",NA,NA,"c2_2",0,NA,NA
"449",NA,"PEB",NA,NA,"c4",0,NA,NA
"450",NA,"PEB",NA,NA,"c4_2",0,NA,NA
"451",NA,"PEB",NA,NA,"d1",0,NA,NA
"452",192,"PEB","M2","PEB_M2","d3",0.11850060223537,NA,3.6828509651e-06
"453",NA,"PEB",NA,NA,"d4",0,NA,NA
"454",NA,"PEB",NA,NA,"f1",0,NA,NA
"455",193,"PEB","M2","PEB_M2","s2",0.07942756197075,NA,4.5552152116e-60
"456",194,"PEB","M2","PEB_M2","s2u_t",0.10988415101594,NA,2.5525098845e-36
"457",195,"PEG","M3","PEG_M3","b0",-0.4916144331414,NA,2.1211353073e-12
"458",196,"PEG","M3","PEG_M3","b1",0.68028184332359,NA,2.382752332e-293
"459",NA,"PEG",NA,NA,"b1_u",0,NA,NA
"460",197,"PEG","M3","PEG_M3","b2",-0.0339982295791,NA,1.6422021013e-97
"461",NA,"PEG",NA,NA,"b2_2",0,NA,NA
"462",NA,"PEG",NA,NA,"b3",0,NA,NA
"463",NA,"PEG",NA,NA,"b3_2",0,NA,NA
"464",198,"PEG","M3","PEG_M3","b4",-0.0117399442657,NA,2.0471590683e-37
"465",NA,"PEG",NA,NA,"b4_2",0,NA,NA
"466",NA,"PEG",NA,NA,"b4_3",0,NA,NA
"467",199,"PEG","M3","PEG_M3","b5",0.00056428794638,NA,1.3153583273e-16
"468",NA,"PEG",NA,NA,"b6",0,NA,NA
"469",NA,"PEG",NA,NA,"c1",0,NA,NA
"470",NA,"PEG",NA,NA,"c1_2",0,NA,NA
"471",201,"PEG","M3","PEG_M3","c2",0.01462994417984,NA,3.867923468e-05
"472",NA,"PEG",NA,NA,"c2_2",0,NA,NA
"473",202,"PEG","M3","PEG_M3","c4",0.43088447922675,NA,4.8026197726e-28
"474",NA,"PEG",NA,NA,"c4_2",0,NA,NA
"475",200,"PEG","M3","PEG_M3","d1",-0.3695762699313,NA,3.1548109588e-22
"476",NA,"PEG",NA,NA,"d3",0,NA,NA
"477",NA,"PEG",NA,NA,"d4",0,NA,NA
"478",NA,"PEG",NA,NA,"f1",0,NA,NA
"479",203,"PEG","M3","PEG_M3","s2",0.05399114636337,NA,1.630646715e-191
"480",204,"PEG","M3","PEG_M3","s2u_t",0.11584356401094,NA,4.501600552e-130
"481",205,"PET","M3","PET_M3","b0",-0.2559352519921,NA,2.5600521502e-15
"482",206,"PET","M3","PET_M3","b1",0.54383683126457,NA,0
"483",NA,"PET",NA,NA,"b1_u",0,NA,NA
"484",207,"PET","M3","PET_M3","b2",-0.0476329572802,NA,1.120182157e-199
"485",208,"PET","M3","PET_M3","b2_2",0.00025191908792,NA,2.0665274339e-13
"486",209,"PET","M3","PET_M3","b3",-0.0067892695878,NA,9.7615757316e-23
"487",NA,"PET",NA,NA,"b3_2",0,NA,NA
"488",210,"PET","M3","PET_M3","b4",-0.0203328237947,NA,2.7737183551e-90
"489",211,"PET","M3","PET_M3","b4_2",0.00031564582855,NA,6.8837169428e-29
"490",NA,"PET",NA,NA,"b4_3",0,NA,NA
"491",212,"PET","M3","PET_M3","b5",0.00093505872993,NA,6.0095157738e-59
"492",NA,"PET",NA,NA,"b6",0,NA,NA
"493",NA,"PET",NA,NA,"c1",0,NA,NA
"494",NA,"PET",NA,NA,"c1_2",0,NA,NA
"495",215,"PET","M3","PET_M3","c2",0.0272276016775,NA,2.3350604589e-26
"496",NA,"PET",NA,NA,"c2_2",0,NA,NA
"497",216,"PET","M3","PET_M3","c4",0.50585151326264,NA,4.018728163e-178
"498",NA,"PET",NA,NA,"c4_2",0,NA,NA
"499",213,"PET","M3","PET_M3","d1",-0.327269726421,NA,2.6874386266e-12
"500",214,"PET","M3","PET_M3","d3",0.12865626491836,NA,8.7006561447e-41
"501",NA,"PET",NA,NA,"d4",0,NA,NA
"502",NA,"PET",NA,NA,"f1",0,NA,NA
"503",217,"PET","M3","PET_M3","s2",0.07792516213344,NA,0
"504",218,"PET","M3","PET_M3","s2u_t",0.13226989494789,NA,0
"505",219,"PIB","M3","PIB_M3","b0",-0.0573164592943,NA,0.43612711567241
"506",220,"PIB","M3","PIB_M3","b1",0.81880420602722,NA,0
"507",NA,"PIB",NA,NA,"b1_u",0,NA,NA
"508",221,"PIB","M3","PIB_M3","b2",-0.0468332822517,NA,6.654775995e-182
"509",NA,"PIB",NA,NA,"b2_2",0,NA,NA
"510",222,"PIB","M3","PIB_M3","b3",-0.0054724357652,NA,2.6447773445e-11
"511",NA,"PIB",NA,NA,"b3_2",0,NA,NA
"512",223,"PIB","M3","PIB_M3","b4",-0.0086963420233,NA,2.450393448e-16
"513",NA,"PIB",NA,NA,"b4_2",0,NA,NA
"514",NA,"PIB",NA,NA,"b4_3",0,NA,NA
"515",224,"PIB","M3","PIB_M3","b5",0.00081827323304,NA,2.0190899238e-42
"516",NA,"PIB",NA,NA,"b6",0,NA,NA
"517",NA,"PIB",NA,NA,"c1",0,NA,NA
"518",NA,"PIB",NA,NA,"c1_2",0,NA,NA
"519",NA,"PIB",NA,NA,"c2",0,NA,NA
"520",NA,"PIB",NA,NA,"c2_2",0,NA,NA
"521",227,"PIB","M3","PIB_M3","c4",0.1352567382114,NA,0.00213671666091
"522",NA,"PIB",NA,NA,"c4_2",0,NA,NA
"523",225,"PIB","M3","PIB_M3","d1",-0.1668084556782,NA,9.99905528322e-08
"524",226,"PIB","M3","PIB_M3","d3",0.13552834602611,NA,0.00097601497448
"525",NA,"PIB",NA,NA,"d4",0,NA,NA
"526",NA,"PIB",NA,NA,"f1",0,NA,NA
"527",228,"PIB","M3","PIB_M3","s2",0.07303882814161,NA,1.007952126e-232
"528",229,"PIB","M3","PIB_M3","s2u_t",0.17305273399749,NA,1.139426702e-148
"529",230,"PIG","M3","PIG_M3","b0",-0.8240307200441,NA,1.9518809005e-99
"530",231,"PIG","M3","PIG_M3","b1",0.49022002088444,NA,0
"531",NA,"PIG",NA,NA,"b1_u",0,NA,NA
"532",232,"PIG","M3","PIG_M3","b2",-0.0365399908203,NA,0
"533",NA,"PIG",NA,NA,"b2_2",0,NA,NA
"534",233,"PIG","M3","PIG_M3","b3",-0.0199596935919,NA,4.8395986098e-91
"535",NA,"PIG",NA,NA,"b3_2",0,NA,NA
"536",234,"PIG","M3","PIG_M3","b4",-0.0066509939391,NA,2.7119545288e-30
"537",NA,"PIG",NA,NA,"b4_2",0,NA,NA
"538",NA,"PIG",NA,NA,"b4_3",0,NA,NA
"539",NA,"PIG",NA,NA,"b5",0,NA,NA
"540",NA,"PIG",NA,NA,"b6",0,NA,NA
"541",237,"PIG","M3","PIG_M3","c1",-0.1325461546385,NA,9.4346371e-139
"542",NA,"PIG",NA,NA,"c1_2",0,NA,NA
"543",NA,"PIG",NA,NA,"c2",0,NA,NA
"544",NA,"PIG",NA,NA,"c2_2",0,NA,NA
"545",238,"PIG","M3","PIG_M3","c4",1.43792109363957,NA,0
"546",NA,"PIG",NA,NA,"c4_2",0,NA,NA
"547",NA,"PIG",NA,NA,"d1",0,NA,NA
"548",235,"PIG","M3","PIG_M3","d3",-0.1447373736251,NA,5.8107070432e-20
"549",236,"PIG","M3","PIG_M3","d4",-0.3001599745399,NA,1.6451238419e-19
"550",NA,"PIG",NA,NA,"f1",0,NA,NA
"551",239,"PIG","M3","PIG_M3","s2",0.06514751865181,NA,0
"552",240,"PIG","M3","PIG_M3","s2u_t",0.14192578194261,NA,0
"553",241,"PIR","M3","PIR_M3","b0",-0.7470552194261,NA,0.00025369747319
"554",242,"PIR","M3","PIR_M3","b1",1.03321371851072,NA,3.7415862818e-64
"555",NA,"PIR",NA,NA,"b1_u",0,NA,NA
"556",243,"PIR","M3","PIR_M3","b2",-0.0576760010814,NA,6.5874748067e-29
"557",NA,"PIR",NA,NA,"b2_2",0,NA,NA
"558",244,"PIR","M3","PIR_M3","b3",-0.0272895769413,NA,3.7314875143e-20
"559",NA,"PIR",NA,NA,"b3_2",0,NA,NA
"560",NA,"PIR",NA,NA,"b4",0,NA,NA
"561",NA,"PIR",NA,NA,"b4_2",0,NA,NA
"562",NA,"PIR",NA,NA,"b4_3",0,NA,NA
"563",245,"PIR","M3","PIR_M3","b5",0.00126954761095,NA,1.5687469046e-10
"564",NA,"PIR",NA,NA,"b6",0,NA,NA
"565",NA,"PIR",NA,NA,"c1",0,NA,NA
"566",NA,"PIR",NA,NA,"c1_2",0,NA,NA
"567",NA,"PIR",NA,NA,"c2",0,NA,NA
"568",NA,"PIR",NA,NA,"c2_2",0,NA,NA
"569",247,"PIR","M3","PIR_M3","c4",0.40333837213132,NA,1.6441889122e-06
"570",NA,"PIR",NA,NA,"c4_2",0,NA,NA
"571",246,"PIR","M3","PIR_M3","d1",-0.4261791886796,NA,1.50045281438e-09
"572",NA,"PIR",NA,NA,"d3",0,NA,NA
"573",NA,"PIR",NA,NA,"d4",0,NA,NA
"574",NA,"PIR",NA,NA,"f1",0,NA,NA
"575",248,"PIR","M3","PIR_M3","s2",0.08977492817942,NA,1.4720568323e-27
"576",249,"PIR","M3","PIR_M3","s2u_t",0.11963965190042,NA,9.9489614402e-15
"577",250,"PRP","M3","PRP_M3","b0",-0.7296441549467,NA,6.2021010584e-16
"578",251,"PRP","M3","PRP_M3","b1",0.6366220023139,NA,9.818544788e-130
"579",NA,"PRP",NA,NA,"b1_u",0,NA,NA
"580",252,"PRP","M3","PRP_M3","b2",-0.0145453956566,NA,3.6736294264e-48
"581",NA,"PRP",NA,NA,"b2_2",0,NA,NA
"582",NA,"PRP",NA,NA,"b3",0,NA,NA
"583",NA,"PRP",NA,NA,"b3_2",0,NA,NA
"584",253,"PRP","M3","PRP_M3","b4",-0.0146092819068,NA,3.5481661398e-11
"585",NA,"PRP",NA,NA,"b4_2",0,NA,NA
"586",NA,"PRP",NA,NA,"b4_3",0,NA,NA
"587",NA,"PRP",NA,NA,"b5",0,NA,NA
"588",NA,"PRP",NA,NA,"b6",0,NA,NA
"589",255,"PRP","M3","PRP_M3","c1",-0.0511649005558,NA,8.46992455088e-07
"590",NA,"PRP",NA,NA,"c1_2",0,NA,NA
"591",256,"PRP","M3","PRP_M3","c2",0.0368440772339,NA,2.1178748022e-13
"592",NA,"PRP",NA,NA,"c2_2",0,NA,NA
"593",257,"PRP","M3","PRP_M3","c4",0.47750285390856,NA,6.8225804247e-17
"594",NA,"PRP",NA,NA,"c4_2",0,NA,NA
"595",NA,"PRP",NA,NA,"d1",0,NA,NA
"596",NA,"PRP",NA,NA,"d3",0,NA,NA
"597",254,"PRP","M3","PRP_M3","d4",-0.1750182474248,NA,0.00508128084587
"598",NA,"PRP",NA,NA,"f1",0,NA,NA
"599",258,"PRP","M3","PRP_M3","s2",0.16126453054152,NA,3.178399734e-113
"600",259,"PRP","M3","PRP_M3","s2u_t",0.02553462293626,NA,1.655420292e-05
"601",260,"PRU","M3","PRU_M3","b0",-2.2862794725747,NA,2.19620016752e-07
"602",261,"PRU","M3","PRU_M3","b1",0.77734639436095,NA,0
"603",NA,"PRU",NA,NA,"b1_u",0,NA,NA
"604",262,"PRU","M3","PRU_M3","b2",-0.0253300248822,NA,1.657208784e-164
"605",NA,"PRU",NA,NA,"b2_2",0,NA,NA
"606",NA,"PRU",NA,NA,"b3",0,NA,NA
"607",NA,"PRU",NA,NA,"b3_2",0,NA,NA
"608",263,"PRU","M3","PRU_M3","b4",-0.010006332777,NA,4.2084110526e-32
"609",NA,"PRU",NA,NA,"b4_2",0,NA,NA
"610",NA,"PRU",NA,NA,"b4_3",0,NA,NA
"611",264,"PRU","M3","PRU_M3","b5",0.00051807540144,NA,2.0481447813e-37
"612",NA,"PRU",NA,NA,"b6",0,NA,NA
"613",267,"PRU","M3","PRU_M3","c1",-0.0799509676893,NA,1.9993478323e-13
"614",NA,"PRU",NA,NA,"c1_2",0,NA,NA
"615",NA,"PRU",NA,NA,"c2",0,NA,NA
"616",NA,"PRU",NA,NA,"c2_2",0,NA,NA
"617",268,"PRU","M3","PRU_M3","c4",2.73655866674474,NA,1.77768115919e-08
"618",269,"PRU","M3","PRU_M3","c4_2",-0.6852700974107,NA,1.01527663637e-07
"619",265,"PRU","M3","PRU_M3","d1",-0.2684366483586,NA,2.5037660647e-13
"620",NA,"PRU",NA,NA,"d3",0,NA,NA
"621",266,"PRU","M3","PRU_M3","d4",-0.213547754864,NA,9.57259373728e-09
"622",NA,"PRU",NA,NA,"f1",0,NA,NA
"623",270,"PRU","M3","PRU_M3","s2",0.06602590924468,NA,1.070485986e-297
"624",271,"PRU","M3","PRU_M3","s2u_t",0.1136994908258,NA,2.156396252e-145
"625",272,"SAB","M3","SAB_M3","b0",-4.3773181431257,NA,0
"626",273,"SAB","M3","SAB_M3","b1",0.62963739025233,NA,0
"627",NA,"SAB",NA,NA,"b1_u",0,NA,NA
"628",274,"SAB","M3","SAB_M3","b2",-0.0162973647397,NA,0
"629",NA,"SAB",NA,NA,"b2_2",0,NA,NA
"630",275,"SAB","M3","SAB_M3","b3",-0.0638341615097,NA,0
"631",276,"SAB","M3","SAB_M3","b3_2",1.32166522526104,NA,0
"632",277,"SAB","M3","SAB_M3","b4",-0.0044181419493,NA,1.7866071039e-40
"633",NA,"SAB",NA,NA,"b4_2",0,NA,NA
"634",278,"SAB","M3","SAB_M3","b4_3",-0.1468108014986,NA,0
"635",NA,"SAB",NA,NA,"b5",0,NA,NA
"636",NA,"SAB",NA,NA,"b6",0,NA,NA
"637",NA,"SAB",NA,NA,"c1",0,NA,NA
"638",NA,"SAB",NA,NA,"c1_2",0,NA,NA
"639",283,"SAB","M3","SAB_M3","c2",0.02947003855519,NA,0
"640",NA,"SAB",NA,NA,"c2_2",0,NA,NA
"641",284,"SAB","M3","SAB_M3","c4",2.47730852584696,NA,0
"642",285,"SAB","M3","SAB_M3","c4_2",-0.7385367553811,NA,0
"643",279,"SAB","M3","SAB_M3","d1",-0.1343270196132,NA,1.9157391492e-18
"644",280,"SAB","M3","SAB_M3","d3",-0.0511672578448,NA,7.0772914203e-50
"645",281,"SAB","M3","SAB_M3","d4",-0.2222621328262,NA,0
"646",282,"SAB","M3","SAB_M3","f1",-0.0449488532486,NA,0
"647",286,"SAB","M3","SAB_M3","s2",0.05255723715423,NA,0
"648",287,"SAB","M3","SAB_M3","s2u_t",0.10992265369503,NA,0
"649",288,"THO","M3","THO_M3","b0",0.72695953768843,NA,3.6850179845e-13
"650",NA,"THO",NA,NA,"b1",0,NA,NA
"651",289,"THO","M3","THO_M3","b1_u",0.072189893624,NA,0
"652",290,"THO","M3","THO_M3","b2",-0.0213626325909,NA,9.337180907e-285
"653",NA,"THO",NA,NA,"b2_2",0,NA,NA
"654",291,"THO","M3","THO_M3","b3",-0.0036566323372,NA,1.43591682246e-09
"655",NA,"THO",NA,NA,"b3_2",0,NA,NA
"656",292,"THO","M3","THO_M3","b4",-0.0128103078509,NA,3.8599092196e-48
"657",293,"THO","M3","THO_M3","b4_2",0.000151434909,NA,3.4268030834e-14
"658",NA,"THO",NA,NA,"b4_3",0,NA,NA
"659",294,"THO","M3","THO_M3","b5",0.00059392684982,NA,6.6694296242e-83
"660",NA,"THO",NA,NA,"b6",0,NA,NA
"661",295,"THO","M3","THO_M3","c1",0.1464344484453,NA,2.00433022404e-06
"662",296,"THO","M3","THO_M3","c1_2",-0.0092281899971,NA,0.00016566361544
"663",NA,"THO",NA,NA,"c2",0,NA,NA
"664",NA,"THO",NA,NA,"c2_2",0,NA,NA
"665",297,"THO","M3","THO_M3","c4",-0.3812659356363,NA,3.684213895e-66
"666",NA,"THO",NA,NA,"c4_2",0,NA,NA
"667",NA,"THO",NA,NA,"d1",0,NA,NA
"668",NA,"THO",NA,NA,"d3",0,NA,NA
"669",NA,"THO",NA,NA,"d4",0,NA,NA
"670",NA,"THO",NA,NA,"f1",0,NA,NA
"671",298,"THO","M3","THO_M3","s2",0.0574642749555,NA,0
"672",299,"THO","M3","THO_M3","s2u_t",0.11969173191025,NA,0
"673",300,"TIL","M2","TIL_M2","b0",0.41100636859995,NA,4.9978360085e-13
"674",NA,"TIL",NA,NA,"b1",0,NA,NA
"675",301,"TIL","M2","TIL_M2","b1_u",0.07273177788052,NA,6.3647056383e-77
"676",302,"TIL","M2","TIL_M2","b2",-0.0200695463772,NA,2.5870091173e-31
"677",NA,"TIL",NA,NA,"b2_2",0,NA,NA
"678",303,"TIL","M2","TIL_M2","b3",0.01352772306669,NA,7.1864387003e-10
"679",NA,"TIL",NA,NA,"b3_2",0,NA,NA
"680",304,"TIL","M2","TIL_M2","b4",-0.0208301021781,NA,3.2451122134e-13
"681",NA,"TIL",NA,NA,"b4_2",0,NA,NA
"682",NA,"TIL",NA,NA,"b4_3",0,NA,NA
"683",NA,"TIL",NA,NA,"b5",0,NA,NA
"684",NA,"TIL",NA,NA,"b6",0,NA,NA
"685",NA,"TIL",NA,NA,"c1",0,NA,NA
"686",NA,"TIL",NA,NA,"c1_2",0,NA,NA
"687",NA,"TIL",NA,NA,"c2",0,NA,NA
"688",NA,"TIL",NA,NA,"c2_2",0,NA,NA
"689",NA,"TIL",NA,NA,"c4",0,NA,NA
"690",NA,"TIL",NA,NA,"c4_2",0,NA,NA
"691",NA,"TIL",NA,NA,"d1",0,NA,NA
"692",305,"TIL","M2","TIL_M2","d3",0.19176261682613,NA,0.00211252870595
"693",NA,"TIL",NA,NA,"d4",0,NA,NA
"694",NA,"TIL",NA,NA,"f1",0,NA,NA
"695",306,"TIL","M2","TIL_M2","s2",0.10804491671327,NA,2.0707779533e-92
"696",307,"TIL","M2","TIL_M2","s2u_t",0.19795185354943,NA,8.6402040104e-47
